{
    "accuracy": 0.67,
    "weighted_f1": 0.6557877192982456,
    "macro_f1": 0.16984892787524367
}